timestamp,Close,Open,High,Low
2025-04-08,3145.55,3094.26,3145.55,3085.12
2025-04-07,3096.58,3193.1,3217.78,3040.69
2025-04-03,3342.01,3319.61,3358.43,3319.61
2025-04-02,3350.13,3344.17,3361.13,3343.12
2025-04-01,3348.44,3340.71,3357.62,3338.78
2025-03-31,3335.75,3343.34,3361.74,3317.74
2025-03-28,3351.31,3372.04,3375.05,3346.08
2025-03-27,3373.75,3362.71,3394.03,3351.17
2025-03-26,3368.7,3365.67,3382.34,3365.67
2025-03-25,3369.98,3370.0,3379.99,3361.05
2025-03-24,3370.03,3364.83,3373.69,3340.24
2025-03-21,3364.83,3401.76,3414.71,3355.84
2025-03-20,3408.95,3425.22,3427.05,3404.66
2025-03-19,3426.43,3424.17,3439.05,3414.59
2025-03-18,3429.76,3434.57,3437.07,3423.3
2025-03-17,3426.13,3430.81,3436.35,3422.46
2025-03-14,3419.56,3361.69,3421.23,3360.61
2025-03-13,3358.73,3371.09,3377.12,3341.12
2025-03-12,3371.92,3385.69,3392.41,3370.22
2025-03-11,3379.83,3335.44,3379.83,3334.83
2025-03-10,3366.16,3373.26,3375.8,3347.19
2025-03-07,3372.55,3373.18,3390.94,3363.93
2025-03-06,3381.1,3353.57,3387.05,3348.68
2025-03-05,3341.96,3324.7,3342.71,3314.15
2025-03-04,3324.21,3300.5,3327.82,3297.53
2025-03-03,3316.93,3328.4,3349.02,3304.59
2025-02-28,3320.9,3374.66,3383.19,3318.72
2025-02-27,3388.06,3378.45,3388.78,3353.57
2025-02-26,3380.21,3351.21,3380.21,3351.21
2025-02-25,3346.04,3345.65,3369.56,3337.84
2025-02-24,3373.03,3374.08,3384.81,3355.87
2025-02-21,3379.11,3356.69,3381.06,3339.03
2025-02-20,3350.78,3347.59,3355.56,3338.03
2025-02-19,3351.54,3320.78,3352.09,3320.58
2025-02-18,3324.49,3348.98,3366.01,3314.3
2025-02-17,3355.83,3355.42,3357.12,3333.19
2025-02-14,3346.72,3328.48,3349.08,3322.53
2025-02-13,3332.48,3343.23,3359.18,3332.48
2025-02-12,3346.39,3312.26,3346.39,3310.39
2025-02-11,3318.06,3323.67,3324.17,3304.44
2025-02-10,3322.17,3308.04,3325.36,3299.24
2025-02-07,3303.67,3269.23,3324.43,3262.51
2025-02-06,3270.66,3226.57,3271.43,3225.85
2025-02-05,3229.49,3270.16,3271.02,3220.28
2025-01-27,3250.6,3256.61,3274.39,3250.6
2025-01-24,3252.63,3222.88,3260.01,3221.71
2025-01-23,3230.16,3237.6,3273.52,3229.57
2025-01-22,3213.62,3235.49,3235.5,3203.38
2025-01-21,3242.62,3256.83,3258.61,3229.07
2025-01-20,3244.38,3256.15,3268.26,3238.12
2025-01-17,3241.82,3226.76,3256.51,3219.77
2025-01-16,3236.03,3239.03,3265.28,3217.1
2025-01-15,3227.12,3234.72,3245.9,3222.24
2025-01-14,3240.94,3165.16,3245.22,3159.43
2025-01-13,3160.75,3148.83,3172.7,3140.98
2025-01-10,3168.52,3211.71,3220.11,3168.52
2025-01-09,3211.39,3220.72,3228.97,3205.91
2025-01-08,3230.17,3218.86,3246.29,3175.72
2025-01-07,3229.64,3203.31,3230.85,3190.46
2025-01-06,3206.92,3209.78,3219.49,3185.46
2025-01-03,3211.43,3267.08,3273.57,3205.78
2025-01-02,3262.56,3347.94,3351.72,3242.09
2024-12-31,3351.76,3406.97,3413.45,3351.76
2024-12-30,3407.33,3395.4,3412.84,3394.96
2024-12-27,3400.14,3397.29,3418.95,3388.32
2024-12-26,3398.08,3389.34,3401.1,3380.25
2024-12-25,3393.35,3395.11,3406.21,3374.01
2024-12-24,3393.53,3353.54,3394.9,3352.95
2024-12-23,3351.26,3367.9,3384.99,3348.28
2024-12-20,3368.07,3364.48,3390.62,3362.82
2024-12-19,3370.03,3355.9,3377.53,3346.47
2024-12-18,3382.21,3371.3,3396.46,3371.3
2024-12-17,3361.49,3381.81,3396.21,3357.77
2024-12-16,3386.33,3390.08,3401.93,3376.54
2024-12-13,3391.88,3442.93,3442.93,3390.75
2024-12-12,3461.5,3432.28,3464.12,3425.98
2024-12-11,3432.49,3416.09,3437.81,3416.09
2024-12-10,3422.66,3490.29,3494.87,3417.77
2024-12-09,3402.53,3402.63,3426.65,3385.96
2024-12-06,3404.08,3370.94,3418.26,3364.21
2024-12-05,3368.86,3353.06,3377.05,3353.06
2024-12-04,3364.65,3376.57,3388.02,3352.94
2024-12-03,3378.81,3366.29,3386.62,3348.37
2024-12-02,3363.98,3328.48,3369.3,3323.01
2024-11-29,3326.46,3295.21,3357.5,3293.69
2024-11-28,3295.7,3308.28,3319.26,3290.36
2024-11-27,3309.78,3250.59,3309.88,3227.36
2024-11-26,3259.76,3256.86,3285.33,3252.87
2024-11-25,3263.76,3274.88,3285.46,3232.92
2024-11-22,3267.19,3368.04,3372.0,3267.19
2024-11-21,3370.4,3362.94,3378.52,3348.86
2024-11-20,3367.99,3337.68,3375.25,3333.0
2024-11-19,3346.01,3324.88,3346.76,3284.13
2024-11-18,3323.85,3344.69,3386.9,3309.01
2024-11-15,3330.73,3369.81,3391.32,3330.73
2024-11-14,3379.84,3429.51,3441.77,3376.15
2024-11-13,3439.28,3406.92,3442.3,3404.53
2024-11-12,3421.97,3469.89,3489.42,3402.04
2024-11-11,3470.07,3432.37,3471.12,3416.73
2024-11-08,3452.3,3502.13,3509.82,3443.19
2024-11-07,3470.66,3359.99,3470.66,3356.26
2024-11-06,3383.81,3395.22,3421.0,3367.08
2024-11-05,3386.99,3306.81,3386.99,3302.05
2024-11-04,3310.21,3275.68,3310.21,3263.84
2024-11-01,3272.01,3275.58,3305.32,3258.73
2024-10-31,3279.82,3267.98,3295.74,3252.39
2024-10-30,3266.24,3273.64,3291.68,3244.81
2024-10-29,3286.41,3328.09,3340.46,3284.21
2024-10-28,3322.2,3300.46,3322.2,3279.72
2024-10-25,3299.7,3280.76,3319.36,3276.13
2024-10-24,3280.26,3287.82,3292.94,3266.88
2024-10-23,3302.8,3285.25,3331.08,3277.07
2024-10-22,3285.87,3263.82,3294.96,3255.14
2024-10-21,3268.11,3276.06,3300.66,3239.1
2024-10-18,3261.56,3165.97,3313.98,3152.82
2024-10-17,3169.38,3220.73,3241.57,3169.38
2024-10-16,3202.95,3169.17,3236.85,3167.74
2024-10-15,3201.29,3265.75,3285.21,3201.29
2024-10-14,3284.32,3241.43,3294.62,3203.9
2024-10-11,3217.74,3287.87,3297.75,3187.99
2024-10-10,3301.93,3277.69,3379.81,3228.12
2024-10-09,3258.86,3427.22,3437.16,3249.16
2024-10-08,3489.78,3674.4,3674.4,3372.19
2024-09-30,3336.5,3194.72,3358.59,3153.7
2024-09-27,3087.53,3049.1,3087.53,3017.45
2024-09-26,3000.95,2893.75,3000.95,2889.01
2024-09-25,2896.31,2901.42,2952.45,2889.05
2024-09-24,2863.13,2770.75,2863.15,2761.37
2024-09-23,2748.92,2735.39,2760.48,2731.36
2024-09-20,2736.81,2734.23,2741.16,2717.95
2024-09-19,2736.02,2723.21,2747.74,2697.78
2024-09-18,2717.28,2705.35,2724.11,2689.7
2024-09-13,2704.09,2718.99,2728.78,2703.37
2024-09-12,2717.12,2722.14,2734.68,2716.56
2024-09-11,2721.8,2732.73,2732.73,2710.62
2024-09-10,2744.19,2737.88,2750.12,2718.63
2024-09-09,2736.49,2754.72,2756.56,2726.97
2024-09-06,2765.81,2791.76,2804.09,2765.64
2024-09-05,2788.31,2785.26,2796.02,2777.47
2024-09-04,2784.28,2786.5,2800.61,2781.94
2024-09-03,2802.98,2809.17,2814.9,2794.91
2024-09-02,2811.03,2832.35,2839.28,2810.37
2024-08-30,2842.21,2819.65,2867.96,2817.01
2024-08-29,2823.11,2829.45,2831.43,2815.38
2024-08-28,2837.43,2844.33,2852.56,2830.96
2024-08-27,2848.73,2850.88,2853.78,2843.16
2024-08-26,2855.52,2855.47,2860.65,2844.38
2024-08-23,2854.37,2844.77,2860.73,2839.34
2024-08-22,2848.77,2856.2,2861.61,2845.5
2024-08-21,2856.58,2858.94,2863.89,2848.15
2024-08-20,2866.66,2895.55,2896.52,2855.33
2024-08-19,2893.67,2877.95,2905.15,2877.77
2024-08-16,2879.43,2877.94,2888.68,2873.06
2024-08-15,2877.36,2844.2,2889.09,2839.39
2024-08-14,2850.65,2866.24,2866.24,2850.4
2024-08-13,2867.95,2860.41,2867.95,2845.31
2024-08-12,2858.2,2858.89,2869.27,2851.3
2024-08-09,2862.19,2879.87,2887.85,2862.19
2024-08-08,2869.9,2864.76,2886.4,2850.87
2024-08-07,2869.83,2864.01,2886.94,2857.72
2024-08-06,2867.28,2878.65,2888.2,2845.33
2024-08-05,2860.7,2889.36,2919.03,2860.7
2024-08-02,2905.34,2913.02,2931.26,2902.72
2024-08-01,2932.39,2940.12,2947.88,2928.83
2024-07-31,2938.75,2877.54,2940.59,2876.3
2024-07-30,2879.3,2885.22,2885.22,2865.15
2024-07-29,2891.85,2889.47,2898.95,2878.58
2024-07-26,2890.9,2886.0,2899.12,2875.4
2024-07-25,2886.74,2891.89,2897.77,2872.85
2024-07-24,2901.95,2909.15,2922.03,2894.29
2024-07-23,2915.37,2960.5,2960.5,2915.37
2024-07-22,2964.22,2978.19,2978.6,2946.56
2024-07-19,2982.31,2963.51,2986.24,2955.12
2024-07-18,2977.13,2951.14,2978.09,2937.9
2024-07-17,2962.85,2970.81,2972.79,2957.95
2024-07-16,2976.3,2963.9,2977.36,2959.67
2024-07-15,2974.01,2963.85,2977.31,2959.13
2024-07-12,2971.29,2965.61,2977.14,2963.3
2024-07-11,2970.39,2957.25,2971.36,2947.4
2024-07-10,2939.36,2949.03,2958.86,2935.33
2024-07-09,2959.37,2919.57,2963.78,2904.04
2024-07-08,2922.45,2939.84,2947.61,2917.23
2024-07-05,2949.93,2954.37,2957.11,2920.2
2024-07-04,2957.57,2984.83,2995.57,2955.29
2024-07-03,2982.38,2995.66,2998.54,2978.07
2024-07-02,2997.01,2992.86,3004.99,2989.47
2024-07-01,2994.73,2965.25,2996.41,2961.86
2024-06-28,2967.4,2940.3,2985.47,2939.98
2024-06-27,2945.85,2962.7,2963.06,2944.9
2024-06-26,2972.53,2943.45,2976.67,2933.33
2024-06-25,2950.0,2962.77,2971.65,2935.54
2024-06-24,2963.1,2982.83,2990.64,2960.13
2024-06-21,2998.14,2998.24,3011.91,2985.93
2024-06-20,3005.44,3015.72,3028.51,3001.77
2024-06-19,3018.05,3029.1,3030.23,3015.33
2024-06-18,3030.25,3015.07,3031.98,3012.52
2024-06-17,3015.89,3017.72,3026.62,3012.05
2024-06-14,3032.63,3020.96,3037.9,3011.58
2024-06-13,3028.92,3038.09,3040.4,3022.82
2024-06-12,3037.47,3025.3,3042.04,3021.31
2024-06-11,3028.05,3042.13,3043.2,3013.86
2024-06-07,3051.28,3053.92,3065.02,3031.04
2024-06-06,3048.79,3069.44,3077.67,3040.83
2024-06-05,3065.4,3086.05,3092.35,3064.74
2024-06-04,3091.2,3071.32,3095.32,3063.59
2024-06-03,3078.49,3085.98,3097.2,3061.28
2024-05-31,3086.81,3094.76,3107.6,3086.81
2024-05-30,3091.68,3103.71,3121.22,3085.38
2024-05-29,3111.02,3108.03,3128.14,3100.98
2024-05-28,3109.57,3122.39,3130.31,3106.36
2024-05-27,3124.04,3094.14,3125.51,3091.99
2024-05-24,3088.87,3110.75,3130.42,3087.79
2024-05-23,3116.39,3149.88,3150.63,3110.28
2024-05-22,3158.54,3157.19,3166.92,3152.46
2024-05-21,3157.97,3164.68,3165.22,3148.34
2024-05-20,3171.15,3156.15,3174.27,3155.99
2024-05-17,3154.03,3121.71,3154.03,3116.78
2024-05-16,3122.4,3127.18,3137.88,3116.16
2024-05-15,3119.9,3141.25,3142.97,3117.93
2024-05-14,3145.77,3148.85,3155.81,3137.61
2024-05-13,3148.02,3139.48,3157.37,3126.17
2024-05-10,3154.55,3158.59,3163.14,3137.15
2024-05-09,3154.32,3128.16,3158.46,3128.16
2024-05-08,3128.48,3141.49,3144.99,3126.17
2024-05-07,3147.74,3139.66,3151.22,3133.69
2024-05-06,3140.72,3132.51,3142.38,3126.77
2024-04-30,3104.82,3110.16,3123.29,3104.29
2024-04-29,3113.04,3086.68,3119.69,3080.59
2024-04-26,3088.64,3054.98,3092.43,3054.98
2024-04-25,3052.9,3037.93,3060.26,3034.65
2024-04-24,3044.82,3029.4,3045.64,3019.12
2024-04-23,3021.98,3038.61,3044.94,3016.52
2024-04-22,3044.6,3059.06,3078.42,3042.54
2024-04-19,3065.26,3060.3,3080.32,3055.06
2024-04-18,3074.22,3060.03,3102.55,3057.76
2024-04-17,3071.38,3008.06,3071.38,3002.06
2024-04-16,3007.07,3043.55,3052.43,3005.34
2024-04-15,3057.38,3013.67,3066.94,2995.54
2024-04-12,3019.47,3035.58,3043.56,3014.83
2024-04-11,3034.25,3013.57,3050.34,3009.9
2024-04-10,3027.33,3045.96,3049.61,3013.59
2024-04-09,3048.54,3044.61,3051.59,3033.21
2024-04-08,3047.05,3057.33,3077.35,3045.47
2024-04-03,3069.3,3074.89,3079.02,3057.4
2024-04-02,3074.96,3076.88,3085.54,3063.98
2024-04-01,3077.38,3049.02,3078.49,3049.02
2024-03-29,3041.17,3008.38,3041.3,3008.17
2024-03-28,3010.66,2988.59,3033.37,2984.12
2024-03-27,2993.14,3026.81,3030.45,2993.14
2024-03-26,3031.48,3026.92,3036.49,3006.26
2024-03-25,3026.31,3040.5,3065.26,3026.31
2024-03-22,3048.03,3070.55,3073.21,3027.76
2024-03-21,3077.11,3084.41,3090.05,3069.27
2024-03-20,3079.69,3058.65,3081.75,3056.65
2024-03-19,3062.76,3077.98,3090.05,3062.63
2024-03-18,3084.93,3057.21,3085.31,3055.92
2024-03-15,3054.64,3031.52,3056.45,3023.22
2024-03-14,3038.23,3042.41,3060.0,3020.64
2024-03-13,3043.83,3053.34,3061.95,3031.9
2024-03-12,3055.94,3068.18,3075.13,3044.86
2024-03-11,3068.46,3042.62,3068.46,3035.45
2024-03-08,3046.02,3026.17,3049.19,3016.9
2024-03-07,3027.4,3040.21,3063.69,3023.12
2024-03-06,3039.93,3041.75,3060.56,3034.35
2024-03-05,3047.79,3027.1,3052.54,3022.18
2024-03-04,3039.31,3026.61,3040.34,3007.68
2024-03-01,3027.02,3013.82,3032.23,3003.76
2024-02-29,3015.17,2943.62,3015.17,2943.62
2024-02-28,2957.85,3016.26,3031.49,2957.85
2024-02-27,3015.48,2966.42,3015.48,2961.15
2024-02-26,2977.02,3002.12,3009.48,2967.06
2024-02-23,3004.88,2992.91,3009.14,2979.97
2024-02-22,2988.36,2945.45,2988.36,2944.5
2024-02-21,2950.96,2906.02,2994.61,2898.05
2024-02-20,2922.73,2902.88,2927.31,2887.47
2024-02-19,2910.54,2886.59,2910.54,2867.71
2024-02-08,2865.9,2832.49,2867.47,2827.9
2024-02-07,2829.7,2791.51,2829.7,2770.53
2024-02-06,2789.49,2680.48,2802.93,2669.67
2024-02-05,2702.19,2716.08,2739.74,2635.09
2024-02-02,2730.15,2773.29,2791.68,2666.33
2024-02-01,2770.74,2773.42,2805.01,2752.78
2024-01-31,2788.55,2815.5,2834.01,2782.59
2024-01-30,2830.53,2866.28,2881.35,2829.25
2024-01-29,2883.36,2910.61,2923.9,2883.33
2024-01-26,2910.22,2897.91,2924.31,2890.48
2024-01-25,2906.11,2823.83,2906.79,2821.71
2024-01-24,2820.77,2782.14,2823.7,2743.4
2024-01-23,2770.98,2746.89,2784.84,2724.16
2024-01-22,2756.34,2826.5,2828.32,2735.37
2024-01-19,2832.28,2836.97,2849.88,2822.84
2024-01-18,2845.78,2822.67,2849.26,2760.98
2024-01-17,2833.62,2887.29,2887.49,2833.62
2024-01-16,2893.99,2881.56,2896.68,2861.13
2024-01-15,2886.29,2872.56,2904.46,2869.22
2024-01-12,2881.98,2880.04,2904.17,2878.88
2024-01-11,2886.65,2873.8,2896.18,2867.72
2024-01-10,2877.7,2886.98,2903.16,2870.42
2024-01-09,2893.25,2887.11,2900.73,2878.41
2024-01-08,2887.54,2923.46,2924.46,2887.54
2024-01-05,2929.18,2949.82,2967.97,2916.72
2024-01-04,2954.35,2965.51,2966.68,2936.63
2024-01-03,2967.25,2957.11,2971.28,2953.29
2024-01-02,2962.28,2972.77,2976.27,2962.28
2023-12-29,2974.93,2950.84,2975.03,2950.02
2023-12-28,2954.7,2913.11,2961.65,2909.39
2023-12-27,2914.61,2900.15,2917.96,2890.17
2023-12-26,2898.88,2917.97,2917.97,2892.84
2023-12-25,2918.81,2909.88,2920.63,2903.99
2023-12-22,2914.78,2919.29,2935.7,2906.51
2023-12-21,2918.71,2892.02,2924.26,2882.02
2023-12-20,2902.11,2932.12,2937.1,2902.04
2023-12-19,2932.39,2928.76,2940.5,2914.13
2023-12-18,2930.8,2936.58,2951.15,2924.33
2023-12-15,2942.56,2966.3,2976.31,2940.03
2023-12-14,2958.99,2979.7,2986.18,2958.07
2023-12-13,2968.76,2997.34,2997.34,2968.76
2023-12-12,3003.44,2986.33,3003.75,2980.45
2023-12-11,2991.44,2956.29,2995.67,2930.42
2023-12-08,2969.56,2965.39,2980.83,2962.33
2023-12-07,2966.21,2965.65,2976.01,2949.14
2023-12-06,2968.93,2966.95,2985.31,2959.6
2023-12-05,2972.3,3017.01,3017.01,2972.3
2023-12-04,3022.91,3033.3,3038.98,3022.35
2023-12-01,3031.64,3027.35,3035.76,3010.23
2023-11-30,3029.67,3021.1,3030.91,3013.77
2023-11-29,3021.69,3038.46,3038.98,3017.66
2023-11-28,3038.55,3028.6,3039.69,3020.23
2023-11-27,3031.7,3038.19,3038.36,3015.01
2023-11-24,3040.97,3060.33,3060.33,3037.2
2023-11-23,3061.86,3041.68,3062.87,3034.3
2023-11-22,3043.61,3060.5,3067.96,3043.61
2023-11-21,3067.93,3074.83,3089.77,3063.34
2023-11-20,3068.32,3056.93,3072.51,3043.51
2023-11-17,3054.37,3043.62,3055.86,3033.75
2023-11-16,3050.93,3066.86,3071.45,3050.93
2023-11-15,3072.83,3077.03,3080.13,3064.35
2023-11-14,3056.07,3046.82,3059.53,3044.43
2023-11-13,3046.53,3044.03,3048.62,3028.17
2023-11-10,3038.97,3043.56,3044.0,3027.09
2023-11-09,3053.28,3047.65,3063.47,3045.83
2023-11-08,3052.37,3051.15,3062.99,3037.29
2023-11-07,3057.27,3052.92,3064.58,3042.47
2023-11-06,3058.41,3047.13,3058.99,3037.69
2023-11-03,3030.8,3012.47,3040.98,3012.47
2023-11-02,3009.41,3028.66,3038.64,3009.12
2023-11-01,3023.08,3038.18,3038.33,3013.93
2023-10-31,3018.77,3019.65,3023.0,3006.61
2023-10-30,3021.55,3009.61,3028.26,3002.35
2023-10-27,3017.78,2978.4,3029.21,2974.88
2023-10-26,2988.3,2960.1,2990.33,2956.01
2023-10-25,2974.11,2986.41,2993.3,2972.42
2023-10-24,2962.24,2944.31,2964.76,2929.09
2023-10-23,2939.29,2969.79,2973.66,2923.51
2023-10-20,2983.06,2995.36,3006.27,2977.17
2023-10-19,3005.39,3043.2,3043.2,3004.77
2023-10-18,3058.71,3076.58,3076.58,3057.06
2023-10-17,3083.5,3076.43,3084.07,3064.89
2023-10-16,3073.81,3091.06,3091.13,3063.69
2023-10-13,3088.1,3092.0,3094.92,3080.55
2023-10-12,3107.9,3101.71,3109.99,3092.18
2023-10-11,3078.96,3085.7,3095.66,3071.94
2023-10-10,3075.24,3104.36,3109.98,3073.19
2023-10-09,3096.92,3100.0,3103.36,3072.64
2023-09-28,3110.48,3117.75,3121.84,3105.94
2023-09-27,3107.32,3104.04,3125.45,3103.84
2023-09-26,3102.27,3114.02,3120.29,3102.27
2023-09-25,3115.61,3131.21,3131.21,3112.15
2023-09-22,3132.43,3084.76,3132.56,3078.8
2023-09-21,3084.7,3103.18,3113.49,3084.7
2023-09-20,3108.57,3118.67,3122.13,3108.16
2023-09-19,3124.96,3123.99,3131.13,3113.53
2023-09-18,3125.93,3110.44,3128.7,3098.5
2023-09-15,3117.74,3133.59,3141.96,3107.45
2023-09-14,3126.55,3124.85,3135.02,3111.86
2023-09-13,3123.07,3137.77,3143.76,3106.97
2023-09-12,3137.06,3140.34,3147.51,3134.32
2023-09-11,3142.78,3119.61,3155.1,3113.82
2023-09-08,3116.72,3114.23,3126.04,3104.67
2023-09-07,3122.35,3152.2,3152.27,3120.82
2023-09-06,3158.08,3147.14,3162.15,3136.9
2023-09-05,3154.37,3169.74,3169.74,3150.08
2023-09-04,3177.06,3145.94,3177.06,3143.38
2023-09-01,3133.25,3126.02,3143.85,3123.19
2023-08-31,3119.88,3134.55,3139.98,3113.95
2023-08-30,3137.14,3144.41,3153.69,3126.9
2023-08-29,3135.89,3091.94,3145.76,3090.44
2023-08-28,3098.64,3219.04,3219.04,3089.12
2023-08-25,3064.07,3068.61,3085.05,3053.04
2023-08-24,3082.24,3085.91,3106.18,3072.95
2023-08-23,3078.4,3116.27,3116.38,3077.61
2023-08-22,3120.33,3103.78,3126.78,3074.53
2023-08-21,3092.98,3125.99,3134.96,3092.98
2023-08-18,3131.95,3165.1,3179.12,3131.95
2023-08-17,3163.74,3137.35,3167.45,3123.25
2023-08-16,3150.13,3164.7,3176.63,3149.72
2023-08-15,3176.18,3180.56,3186.23,3147.35
2023-08-14,3178.43,3159.71,3180.51,3141.66
2023-08-11,3189.25,3254.48,3254.48,3189.25
2023-08-10,3254.56,3242.21,3257.03,3234.12
2023-08-09,3244.49,3251.15,3257.08,3240.29
2023-08-08,3260.62,3260.72,3274.52,3246.67
2023-08-07,3268.83,3276.78,3276.78,3258.54
2023-08-04,3288.08,3296.09,3315.05,3281.73
2023-08-03,3280.46,3254.57,3280.86,3247.27
2023-08-02,3261.69,3281.86,3290.82,3252.3
2023-08-01,3290.95,3288.76,3305.34,3279.57
2023-07-31,3291.04,3287.21,3322.13,3281.01
2023-07-28,3275.93,3206.74,3280.28,3200.99
2023-07-27,3216.67,3225.48,3245.6,3210.47
2023-07-26,3223.03,3228.09,3229.89,3212.88
2023-07-25,3231.52,3201.46,3231.75,3201.46
2023-07-24,3164.16,3157.47,3178.73,3151.13
2023-07-21,3167.75,3163.42,3185.64,3157.33
2023-07-20,3169.52,3201.91,3209.06,3165.67
2023-07-19,3198.84,3195.01,3204.36,3181.56
2023-07-18,3197.82,3206.79,3210.25,3190.0
2023-07-17,3209.63,3219.02,3219.02,3195.89
2023-07-14,3237.7,3240.97,3248.39,3234.0
2023-07-13,3236.48,3202.7,3238.47,3202.7
2023-07-12,3196.13,3220.38,3224.33,3193.44
2023-07-11,3221.37,3211.12,3221.68,3200.38
2023-07-10,3203.7,3208.73,3216.53,3192.66
2023-07-07,3196.61,3197.47,3212.05,3189.21
2023-07-06,3205.57,3215.86,3229.48,3199.72
2023-07-05,3222.95,3240.05,3241.84,3218.6
2023-07-04,3245.35,3241.23,3246.96,3233.99
2023-07-03,3243.98,3209.16,3246.86,3209.16
2023-06-30,3202.06,3178.92,3212.99,3177.99
2023-06-29,3182.38,3185.42,3196.5,3179.53
2023-06-28,3189.38,3183.49,3192.66,3157.12
2023-06-27,3189.44,3153.31,3194.41,3148.27
2023-06-26,3150.62,3177.23,3181.08,3144.25
2023-06-21,3197.9,3230.11,3236.36,3197.9
2023-06-20,3240.36,3252.54,3252.84,3237.79
2023-06-19,3255.81,3271.16,3271.16,3251.78
2023-06-16,3273.33,3256.3,3276.55,3255.5
2023-06-15,3252.98,3230.45,3252.98,3229.15
2023-06-14,3228.99,3238.12,3248.46,3226.77
2023-06-13,3233.67,3223.9,3235.09,3215.5
2023-06-12,3228.83,3225.3,3239.44,3210.71
2023-06-09,3231.41,3213.03,3231.41,3206.1
2023-06-08,3213.59,3194.83,3225.53,3180.54
2023-06-07,3197.76,3197.47,3210.33,3188.01
2023-06-06,3195.34,3228.41,3247.35,3189.27
2023-06-05,3232.44,3231.81,3244.18,3221.63
2023-06-02,3230.07,3212.45,3233.99,3211.74
2023-06-01,3204.63,3196.15,3225.09,3189.52
2023-05-31,3204.56,3214.66,3216.36,3190.27
2023-05-30,3224.21,3214.67,3230.63,3186.63
2023-05-29,3221.45,3219.76,3230.97,3208.96
2023-05-26,3212.5,3198.88,3220.77,3179.82
2023-05-25,3201.26,3197.36,3207.02,3168.57
2023-05-24,3204.75,3237.7,3237.7,3204.38
2023-05-23,3246.24,3294.79,3298.23,3246.24
2023-05-22,3296.47,3278.6,3308.53,3276.54
2023-05-19,3283.54,3288.89,3302.34,3268.22
2023-05-18,3297.32,3288.41,3313.86,3284.17
2023-05-17,3284.23,3281.97,3298.52,3269.89
2023-05-16,3290.99,3310.16,3317.9,3282.49
2023-05-15,3310.74,3269.88,3310.74,3235.87
2023-05-12,3272.36,3304.46,3319.13,3271.43
2023-05-11,3309.55,3323.66,3333.25,3307.29
2023-05-10,3319.15,3347.7,3349.72,3305.25
2023-05-09,3357.67,3402.39,3418.95,3356.12
2023-05-08,3395.0,3340.99,3400.18,3340.99
2023-05-05,3334.5,3350.65,3364.14,3321.19
2023-05-04,3350.46,3306.48,3352.75,3302.03
2023-04-28,3323.27,3283.12,3324.88,3283.12
2023-04-27,3285.88,3256.23,3299.3,3253.11
2023-04-26,3264.1,3255.22,3277.98,3239.99
2023-04-25,3264.87,3276.4,3288.57,3229.45
2023-04-24,3275.41,3300.81,3303.09,3264.93
2023-04-21,3301.26,3364.0,3367.61,3301.26
2023-04-20,3367.03,3367.05,3371.37,3344.02
2023-04-19,3370.13,3391.35,3394.96,3364.64
2023-04-18,3393.33,3379.23,3396.17,3375.78
2023-04-17,3385.61,3337.06,3385.61,3336.39
2023-04-14,3338.15,3326.37,3340.08,3316.81
2023-04-13,3318.36,3321.27,3334.47,3309.25
2023-04-12,3327.18,3316.86,3330.71,3315.4
2023-04-11,3313.57,3317.08,3317.45,3298.25
2023-04-10,3315.36,3331.51,3332.72,3309.92
2023-04-07,3327.65,3312.48,3328.85,3308.06
2023-04-06,3312.63,3302.75,3314.53,3296.05
2023-04-04,3312.56,3297.18,3312.56,3290.99
2023-04-03,3296.4,3277.34,3299.73,3276.42
2023-03-31,3272.86,3263.41,3278.42,3260.04
2023-03-30,3261.25,3243.07,3263.74,3220.98
2023-03-29,3240.06,3253.62,3254.56,3229.58
2023-03-28,3245.38,3256.6,3264.1,3241.74
2023-03-27,3251.4,3261.82,3261.82,3229.7
2023-03-24,3265.65,3282.74,3282.74,3260.84
2023-03-23,3286.65,3258.78,3286.65,3252.99
2023-03-22,3265.75,3263.41,3279.39,3255.74
2023-03-21,3255.65,3240.84,3256.0,3237.89
2023-03-20,3234.91,3253.93,3267.99,3231.65
2023-03-17,3250.55,3245.26,3279.92,3240.16
2023-03-16,3226.89,3244.47,3257.43,3224.72
2023-03-15,3263.31,3261.03,3273.12,3256.86
2023-03-14,3245.31,3261.92,3262.0,3216.99
2023-03-13,3268.7,3228.12,3268.7,3228.12
2023-03-10,3230.08,3255.51,3262.15,3229.5
2023-03-09,3276.09,3285.94,3289.06,3260.0
2023-03-08,3283.25,3271.88,3283.25,3263.69
2023-03-07,3285.1,3320.21,3342.86,3284.41
2023-03-06,3322.03,3332.02,3333.06,3308.73
2023-03-03,3328.39,3314.77,3330.6,3302.62
2023-03-02,3310.65,3308.01,3320.74,3306.46
2023-03-01,3312.35,3279.14,3315.16,3272.04
2023-02-28,3279.61,3265.74,3280.42,3246.14
2023-02-27,3258.03,3257.0,3276.58,3251.72
2023-02-24,3267.16,3287.26,3288.39,3253.97
2023-02-23,3287.48,3293.52,3307.44,3275.36
2023-02-22,3291.15,3292.05,3307.03,3286.72
2023-02-21,3306.52,3291.63,3308.79,3282.44
2023-02-20,3290.34,3230.47,3291.04,3225.84
2023-02-17,3224.02,3244.73,3262.47,3223.26
2023-02-16,3249.03,3281.74,3308.83,3231.34
2023-02-15,3280.49,3294.01,3296.2,3274.55
2023-02-14,3293.28,3288.97,3293.73,3279.19
2023-02-13,3284.16,3256.99,3285.09,3252.63
2023-02-10,3260.67,3266.44,3269.99,3247.23
2023-02-09,3270.38,3227.73,3270.38,3225.77
2023-02-08,3232.11,3251.5,3257.11,3230.44
2023-02-07,3248.09,3245.23,3250.03,3233.83
2023-02-06,3238.7,3244.7,3250.35,3226.21
2023-02-03,3263.41,3275.66,3275.66,3235.35
2023-02-02,3285.67,3291.78,3295.76,3272.41
2023-02-01,3284.92,3262.2,3284.92,3245.41
2023-01-31,3255.67,3266.14,3277.25,3252.01
2023-01-30,3269.32,3308.87,3310.49,3266.76
2023-01-20,3264.81,3247.2,3267.06,3247.2
2023-01-19,3240.28,3221.52,3240.28,3210.38
2023-01-18,3224.41,3227.59,3234.82,3220.37
2023-01-17,3224.24,3229.44,3231.26,3211.76
2023-01-16,3227.59,3198.52,3251.37,3197.32
2023-01-13,3195.31,3170.35,3195.31,3167.51
2023-01-12,3163.45,3167.27,3171.59,3153.4
2023-01-11,3161.84,3172.38,3184.76,3160.89
2023-01-10,3169.51,3178.02,3178.16,3165.14
2023-01-09,3176.08,3169.37,3183.58,3165.43
2023-01-06,3157.64,3155.07,3170.74,3151.84
2023-01-05,3155.22,3132.76,3159.43,3130.23
2023-01-04,3123.52,3117.57,3129.09,3109.45
2023-01-03,3116.51,3087.51,3119.86,3073.05
2022-12-30,3089.26,3084.52,3096.31,3082.2
2022-12-29,3073.7,3076.73,3086.0,3064.46
2022-12-28,3087.4,3088.62,3098.65,3079.43
2022-12-27,3095.57,3077.75,3098.08,3074.31
2022-12-26,3065.56,3048.2,3071.84,3047.35
2022-12-23,3045.87,3038.84,3061.87,3031.54
2022-12-22,3054.43,3085.8,3096.24,3044.6
2022-12-21,3068.41,3078.33,3085.8,3060.55
2022-12-20,3073.77,3098.95,3100.75,3061.51
2022-12-19,3107.11,3165.31,3170.26,3096.1
2022-12-16,3167.86,3156.14,3175.35,3151.61
2022-12-15,3168.65,3177.2,3179.1,3158.45
2022-12-14,3176.53,3178.55,3189.83,3168.59
2022-12-13,3176.33,3179.44,3187.2,3171.48
2022-12-12,3179.04,3195.87,3196.72,3176.58
2022-12-09,3206.95,3197.12,3212.11,3182.91
2022-12-08,3197.35,3196.02,3206.72,3187.26
2022-12-07,3199.62,3204.94,3226.08,3188.67
2022-12-06,3212.53,3200.27,3224.82,3195.08
2022-12-05,3211.81,3181.92,3213.44,3177.06
2022-12-02,3156.14,3160.58,3170.9,3149.84
2022-12-01,3165.47,3187.99,3198.41,3164.53
2022-11-30,3151.34,3141.4,3158.57,3137.37
2022-11-29,3149.75,3096.11,3152.0,3096.11
2022-11-28,3078.55,3055.29,3080.18,3034.7
2022-11-25,3101.69,3085.46,3111.42,3077.97
2022-11-24,3089.31,3104.1,3113.24,3084.86
2022-11-23,3096.91,3084.74,3108.24,3075.32
2022-11-22,3088.94,3084.23,3118.12,3076.32
2022-11-21,3085.04,3078.06,3085.24,3056.17
2022-11-18,3097.24,3116.73,3126.71,3096.89
2022-11-17,3115.43,3110.96,3115.44,3087.17
2022-11-16,3119.98,3133.65,3145.75,3115.35
2022-11-15,3134.08,3081.14,3135.59,3074.5
2022-11-14,3083.4,3100.87,3121.41,3075.22
2022-11-11,3087.29,3099.65,3117.74,3070.3
2022-11-10,3036.13,3031.69,3047.98,3022.85
2022-11-09,3048.17,3064.46,3073.92,3046.19
2022-11-08,3064.49,3077.31,3078.28,3047.46
2022-11-07,3077.82,3062.86,3088.19,3054.46
2022-11-04,3070.8,2997.0,3081.59,2997.0
2022-11-03,2997.81,2981.2,3003.72,2977.72
2022-11-02,3003.37,2960.65,3019.05,2954.95
2022-11-01,2969.2,2899.5,2969.2,2896.76
2022-10-31,2893.48,2893.2,2926.01,2885.09
2022-10-28,2915.93,2967.02,2974.24,2908.98
2022-10-27,2982.9,3005.04,3017.26,2981.69
2022-10-26,2999.5,2977.56,3028.35,2977.56
2022-10-25,2976.28,2969.16,3001.72,2944.26
2022-10-24,2977.56,3034.75,3064.42,2965.17
2022-10-21,3038.93,3038.04,3055.42,3026.96
2022-10-20,3035.05,3029.3,3070.26,3013.69
2022-10-19,3044.38,3073.26,3081.39,3044.38
2022-10-18,3080.96,3094.93,3099.92,3074.22
2022-10-17,3084.94,3060.52,3087.19,3052.71
2022-10-14,3071.99,3035.03,3084.27,3035.03
2022-10-13,3016.36,3008.3,3036.25,3004.5
2022-10-12,3025.51,2976.72,3025.51,2934.09
2022-10-11,2979.79,2978.06,2986.91,2953.5
2022-10-10,2974.15,3026.94,3029.45,2968.28
2022-09-30,3024.39,3042.17,3054.61,3021.93
2022-09-29,3041.2,3067.47,3076.76,3026.08
2022-09-28,3045.07,3089.1,3089.1,3044.86
2022-09-27,3093.86,3056.39,3094.04,3048.36
2022-09-26,3051.23,3067.57,3102.65,3048.51
2022-09-23,3088.37,3106.81,3124.66,3072.24
2022-09-22,3108.91,3098.77,3125.68,3092.82
2022-09-21,3117.18,3116.01,3129.82,3091.3
2022-09-20,3122.41,3127.84,3140.03,3114.04
2022-09-19,3115.6,3122.75,3135.56,3101.22
2022-09-16,3126.4,3189.83,3191.83,3126.4
2022-09-15,3199.92,3248.97,3254.18,3174.39
2022-09-14,3237.54,3224.68,3250.8,3221.96
2022-09-13,3263.8,3272.05,3278.17,3259.66
2022-09-09,3262.05,3241.18,3266.2,3236.51
2022-09-08,3235.59,3245.56,3253.7,3233.8
2022-09-07,3246.29,3232.14,3253.77,3227.82
2022-09-06,3243.45,3207.93,3244.64,3203.82
2022-09-05,3199.91,3183.95,3199.91,3172.04
2022-09-02,3186.48,3189.64,3198.28,3173.79
2022-09-01,3184.98,3196.54,3214.56,3181.63
2022-08-31,3202.14,3216.53,3232.02,3184.39
2022-08-30,3227.22,3240.18,3243.75,3212.63
2022-08-29,3240.73,3203.1,3240.73,3199.0
2022-08-26,3236.22,3250.63,3266.27,3232.28
2022-08-25,3246.25,3223.46,3248.35,3199.12
2022-08-24,3215.2,3279.17,3281.88,3212.39
2022-08-23,3276.22,3274.43,3284.6,3262.63
2022-08-22,3277.79,3249.7,3278.17,3247.19
2022-08-19,3258.08,3275.62,3286.49,3258.06
2022-08-18,3277.54,3286.37,3289.14,3270.56
2022-08-17,3292.53,3282.1,3296.0,3263.35
2022-08-16,3277.88,3278.68,3295.02,3271.57
2022-08-15,3276.09,3268.37,3286.89,3261.82
2022-08-12,3276.89,3275.77,3288.22,3272.84
2022-08-11,3281.67,3243.47,3281.67,3237.9
2022-08-10,3230.02,3242.36,3253.17,3217.81
2022-08-09,3247.43,3235.74,3248.77,3227.54
2022-08-08,3236.93,3218.85,3237.97,3214.08
2022-08-05,3227.03,3195.23,3228.89,3184.45
2022-08-04,3189.04,3179.43,3191.0,3155.7
2022-08-03,3163.67,3188.89,3217.55,3159.46
2022-08-02,3186.27,3231.26,3231.26,3155.19
2022-08-01,3259.96,3246.62,3264.3,3225.55
2022-07-29,3253.24,3282.81,3294.8,3246.37
2022-07-28,3282.58,3287.5,3305.71,3277.11
2022-07-27,3275.76,3271.78,3282.57,3265.73
2022-07-26,3277.44,3254.19,3282.41,3246.04
2022-07-25,3250.39,3269.71,3273.18,3243.03
2022-07-22,3269.97,3276.2,3293.64,3246.73
2022-07-21,3272.0,3297.66,3300.53,3272.0
2022-07-20,3304.72,3291.55,3308.35,3287.74
2022-07-19,3279.43,3278.72,3283.93,3256.02
2022-07-18,3278.1,3235.09,3278.47,3226.23
2022-07-15,3228.06,3261.38,3288.92,3228.06
2022-07-14,3281.74,3277.45,3299.25,3261.49
2022-07-13,3284.29,3279.6,3297.02,3266.48
2022-07-12,3281.47,3307.22,3319.25,3277.08
2022-07-11,3313.58,3341.1,3341.1,3297.0
2022-07-08,3356.08,3380.37,3386.31,3354.12
2022-07-07,3364.4,3353.13,3375.86,3332.31
2022-07-06,3355.35,3391.03,3391.03,3333.1
2022-07-05,3404.03,3411.13,3424.84,3372.06
2022-07-04,3405.43,3381.82,3405.62,3364.09
2022-07-01,3387.64,3400.26,3404.05,3378.36
2022-06-30,3398.62,3358.93,3417.01,3358.93
2022-06-29,3361.52,3399.68,3414.65,3358.47
2022-06-28,3409.21,3377.68,3412.1,3358.87
2022-06-27,3379.19,3364.0,3393.31,3364.0
2022-06-24,3349.75,3324.74,3356.71,3322.95
2022-06-23,3320.15,3269.05,3320.15,3262.29
2022-06-22,3267.2,3309.12,3311.02,3266.54
2022-06-21,3306.72,3313.79,3329.39,3279.83
2022-06-20,3315.43,3315.78,3333.9,3292.93
2022-06-17,3316.79,3265.51,3323.28,3262.89
2022-06-16,3285.38,3306.84,3319.69,3277.53
2022-06-15,3305.41,3289.1,3358.55,3288.85
2022-06-14,3288.91,3224.21,3289.13,3195.82
2022-06-13,3255.55,3256.27,3272.99,3229.31
2022-06-10,3284.83,3214.18,3286.62,3210.81
2022-06-09,3238.95,3259.49,3270.56,3223.48
2022-06-08,3263.79,3245.02,3266.63,3216.01
2022-06-07,3241.76,3235.42,3253.09,3222.64
2022-06-06,3236.37,3196.96,3237.07,3181.65
2022-06-02,3195.46,3170.31,3197.28,3163.76
2022-06-01,3182.16,3179.69,3190.61,3160.04
2022-05-31,3186.43,3149.94,3188.6,3142.0
2022-05-30,3149.06,3141.96,3150.89,3123.15
2022-05-27,3130.24,3135.03,3151.05,3112.54
2022-05-26,3123.11,3111.48,3133.28,3079.48
2022-05-25,3107.46,3070.17,3107.63,3069.95
2022-05-24,3070.93,3149.06,3153.13,3070.93
2022-05-23,3146.86,3150.49,3150.51,3127.9
2022-05-20,3146.57,3107.09,3146.57,3107.09
2022-05-19,3096.96,3046.71,3096.96,3042.67
2022-05-18,3085.98,3095.89,3105.84,3071.3
2022-05-17,3093.7,3076.5,3093.7,3057.64
2022-05-16,3073.75,3100.55,3102.58,3063.4
2022-05-13,3084.28,3068.03,3086.1,3059.25
2022-05-12,3054.99,3044.8,3072.16,3032.95
2022-05-11,3058.7,3035.39,3100.9,3034.67
2022-05-10,3035.84,2965.78,3043.78,2957.4
2022-05-09,3004.14,2990.2,3015.94,2983.61
2022-05-06,3001.56,3011.32,3030.69,2992.72
2022-05-05,3067.76,3044.85,3082.23,3042.12
2022-04-29,3047.06,2986.06,3048.49,2968.33
2022-04-28,2975.48,2945.81,2991.51,2936.79
2022-04-27,2958.28,2866.82,2959.18,2863.65
2022-04-26,2886.43,2930.45,2957.68,2878.26
2022-04-25,2928.51,3034.27,3043.82,2928.51
2022-04-22,3086.92,3058.4,3105.66,3049.36
2022-04-21,3079.81,3138.43,3160.9,3069.68
2022-04-20,3151.05,3189.89,3191.83,3142.05
2022-04-19,3194.03,3192.09,3207.83,3174.71
2022-04-18,3195.52,3185.94,3204.03,3166.98
2022-04-15,3211.24,3210.7,3229.87,3200.13
2022-04-14,3225.64,3203.63,3240.0,3200.23
2022-04-13,3186.82,3199.8,3225.47,3183.53
2022-04-12,3213.33,3165.12,3214.54,3140.9
2022-04-11,3167.13,3239.85,3239.85,3156.51
2022-04-08,3251.85,3239.88,3257.09,3208.35
2022-04-07,3236.7,3267.81,3290.26,3236.48
2022-04-06,3283.43,3269.43,3288.11,3255.69
2022-04-01,3282.72,3234.67,3287.23,3226.3
2022-03-31,3252.2,3256.14,3272.04,3246.06
2022-03-30,3266.6,3217.59,3266.6,3216.3
2022-03-29,3203.94,3216.01,3229.18,3196.46
2022-03-28,3214.5,3185.17,3230.22,3159.83
2022-03-25,3212.24,3247.16,3257.11,3211.64
2022-03-24,3250.26,3256.06,3266.89,3236.66
2022-03-23,3271.03,3264.79,3279.89,3251.98
2022-03-22,3259.86,3249.54,3279.11,3239.53
2022-03-21,3253.69,3255.62,3267.5,3223.39
2022-03-18,3251.07,3207.15,3260.78,3197.36
2022-03-17,3215.04,3215.01,3260.17,3202.93
2022-03-16,3170.71,3107.67,3177.79,3023.3
2022-03-15,3063.97,3192.36,3196.92,3063.97
2022-03-14,3223.53,3271.89,3297.8,3223.53
2022-03-11,3309.75,3259.32,3315.66,3217.42
2022-03-10,3296.09,3312.18,3326.58,3291.24
2022-03-09,3256.39,3303.71,3321.48,3147.68
2022-03-08,3293.53,3372.55,3383.63,3287.34
2022-03-07,3372.86,3438.56,3438.56,3360.74
2022-03-04,3447.65,3459.98,3474.88,3437.7
2022-03-03,3481.11,3495.93,3500.29,3473.34
2022-03-02,3484.19,3478.29,3486.62,3467.0
2022-03-01,3488.83,3471.36,3491.13,3465.72
2022-02-28,3462.31,3450.32,3462.31,3425.52
2022-02-25,3451.41,3445.34,3480.18,3440.93
2022-02-24,3429.96,3474.37,3486.98,3400.21
2022-02-23,3489.15,3458.51,3490.76,3458.18
2022-02-22,3457.15,3473.29,3473.39,3437.67
2022-02-21,3490.61,3488.41,3492.2,3471.69
2022-02-18,3490.76,3451.63,3490.76,3447.03
2022-02-17,3468.04,3464.21,3480.97,3454.28
2022-02-16,3465.83,3457.07,3475.06,3453.8
2022-02-15,3446.09,3428.04,3447.49,3421.64
2022-02-14,3428.88,3451.85,3457.26,3415.45
2022-02-11,3462.95,3472.28,3500.15,3459.33
2022-02-10,3485.91,3481.91,3488.86,3464.22
2022-02-09,3479.95,3450.82,3484.74,3444.08
2022-02-08,3452.63,3428.54,3453.19,3390.46
2022-02-07,3429.58,3407.76,3434.03,3407.76
2022-01-28,3361.44,3407.59,3417.05,3356.56
2022-01-27,3394.25,3456.1,3456.36,3392.02
2022-01-26,3455.67,3442.69,3462.12,3417.76
2022-01-25,3433.06,3509.28,3519.83,3433.06
2022-01-24,3524.1,3508.24,3531.61,3500.14
2022-01-21,3522.57,3546.75,3547.0,3514.89
2022-01-20,3555.06,3556.23,3576.26,3540.55
2022-01-19,3558.18,3567.63,3578.73,3541.66
2022-01-18,3569.91,3541.89,3579.31,3531.33
2022-01-17,3541.67,3522.09,3546.09,3519.43
2022-01-14,3521.26,3544.07,3548.42,3519.32
2022-01-13,3555.26,3601.03,3601.07,3555.16
2022-01-12,3597.43,3578.16,3599.5,3572.1
2022-01-11,3567.44,3589.9,3602.15,3562.75
2022-01-10,3593.52,3572.74,3593.52,3555.13
2022-01-07,3579.54,3588.99,3607.23,3577.1
2022-01-06,3586.08,3581.22,3594.49,3559.88
2022-01-05,3595.18,3628.26,3628.26,3583.47
2022-01-04,3632.33,3649.15,3651.89,3610.09
